{
    "vocab_size": 200064,
    "hidden_size": 3072,
    "intermediate_size": 8192,
    "num_hidden_layers": 32,
    "num_attention_heads": 24,
    "num_key_value_heads": 8,
    "resid_pdrop": 0.0,
    "embd_pdrop": 0.0,
    "attention_dropout": 0.0,
    "hidden_act": "silu",
    "max_position_embeddings": 131072,
    "original_max_position_embeddings": 4096,
    "initializer_range": 0.02,
    "rms_norm_eps": 1e-05,
    "use_cache": true,
    "rope_theta": 10000.0,
    "rope_parameters": {
        "long_factor": [
            1,
            1.118320672,
            1.250641126,
            1.398617824,
            1.564103225,
            1.74916897,
            1.956131817,
            2.187582649,
            2.446418898,
            2.735880826,
            3.059592084,
            3.421605075,
            3.826451687,
            4.279200023,
            4.785517845,
            5.351743533,
            5.984965424,
            6.693110555,
            7.485043894,
            8.370679318,
            9.36110372,
            10.4687158,
            11.70738129,
            13.09260651,
            14.64173252,
            16.37415215,
            18.31155283,
            20.47818807,
            22.90118105,
            25.61086418,
            28.64115884,
            32.03,
            32.1,
            32.13,
            32.23,
            32.6,
            32.61,
            32.64,
            32.66,
            32.7,
            32.71,
            32.93,
            32.97,
            33.28,
            33.49,
            33.5,
            44.16,
            47.77
        ],
        "short_factor": [
            1.0,
            1.0,
            1.0,
            1.0,
            1.0,
            1.0,
            1.0,
            1.0,
            1.0,
            1.0,
            1.0,
            1.0,
            1.0,
            1.0,
            1.0,
            1.0,
            1.0,
            1.0,
            1.0,
            1.0,
            1.0,
            1.0,
            1.0,
            1.0,
            1.0,
            1.0,
            1.0,
            1.0,
            1.0,
            1.0,
            1.0,
            1.0,
            1.0,
            1.0,
            1.0,
            1.0,
            1.0,
            1.0,
            1.0,
            1.0,
            1.0,
            1.0,
            1.0,
            1.0,
            1.0,
            1.0,
            1.0,
            1.0
        ],
        "type": "longrope",
        "rope_theta": 10000.0,
        "rope_type": "longrope",
        "partial_rotary_factor": 0.75,
        "original_max_position_embeddings": 4096
    },
    "partial_rotary_factor": 0.75,
    "sliding_window": 262144,
    "return_dict": true,
    "output_hidden_states": false,
    "dtype": "bfloat16",
    "chunk_size_feed_forward": 0,
    "is_encoder_decoder": false,
    "architectures": [
        "Phi3ForCausalLM"
    ],
    "id2label": {
        "0": "LABEL_0",
        "1": "LABEL_1"
    },
    "label2id": {
        "LABEL_0": 0,
        "LABEL_1": 1
    },
    "problem_type": null,
    "_name_or_path": "microsoft/Phi-4-mini-instruct",
    "transformers_version": "5.1.0",
    "bos_token_id": 199999,
    "eos_token_id": 199999,
    "pad_token_id": 199999,
    "tie_word_embeddings": true,
    "attention_bias": false,
    "auto_map": {
        "AutoConfig": "configuration_phi3.Phi3Config",
        "AutoModelForCausalLM": "modeling_phi3.Phi3ForCausalLM",
        "AutoTokenizer": "Xenova/gpt-4o"
    },
    "full_attn_mod": 1,
    "interpolate_factor": 1,
    "lm_head_bias": false,
    "mlp_bias": false,
    "model_type": "phi3",
    "output_attentions": false
}